-- Seed 04: Maintenance Data
-- Maintenance requests, work orders, events, downtime logs, and parts used.
-- Covers ~2 years (2024-01 to 2025-12) with ~250 maintenance events.
-- Higher failure rates for ICU and OR equipment per proposal evaluation criteria.

-- =============================================================================
-- MAINTENANCE REQUESTS (sample of 60 requests)
-- =============================================================================
INSERT INTO maintenance_requests (id, request_number, asset_id, requested_by, department_id, fault_description, urgency, status, created_at, resolved_at) VALUES
-- ICU requests (high frequency)
('a2000001-0000-0000-0000-000000000001', 'MR-2024-001', 'a0000001-0000-0000-0000-000000000006', 'a3000001-0000-0000-0000-000000000005', 'd0000001-0000-0000-0000-000000000001', 'Ventilator #2 O2 sensor giving erratic readings during patient ventilation', 'critical', 'completed', '2024-01-15 08:30:00+03', '2024-01-16 14:00:00+03'),
('a2000001-0000-0000-0000-000000000002', 'MR-2024-002', 'a0000001-0000-0000-0000-000000000001', 'a3000001-0000-0000-0000-000000000005', 'd0000001-0000-0000-0000-000000000001', 'Patient Monitor #1 SpO2 cable connector loose', 'high', 'completed', '2024-01-22 10:15:00+03', '2024-01-22 16:30:00+03'),
('a2000001-0000-0000-0000-000000000003', 'MR-2024-003', 'a0000001-0000-0000-0000-000000000010', 'a3000001-0000-0000-0000-000000000005', 'd0000001-0000-0000-0000-000000000001', 'Infusion Pump #3 displaying flow rate error E-04', 'high', 'completed', '2024-02-05 09:00:00+03', '2024-02-08 11:00:00+03'),
('a2000001-0000-0000-0000-000000000004', 'MR-2024-004', 'a0000001-0000-0000-0000-000000000013', 'a3000001-0000-0000-0000-000000000005', 'd0000001-0000-0000-0000-000000000001', 'Defibrillator battery not holding charge', 'critical', 'completed', '2024-02-20 07:45:00+03', '2024-02-21 16:00:00+03'),
('a2000001-0000-0000-0000-000000000005', 'MR-2024-005', 'a0000001-0000-0000-0000-000000000005', 'a3000001-0000-0000-0000-000000000005', 'd0000001-0000-0000-0000-000000000001', 'Ventilator #1 alarm sounding intermittently with no apparent cause', 'medium', 'completed', '2024-03-10 11:20:00+03', '2024-03-11 10:00:00+03'),
('a2000001-0000-0000-0000-000000000006', 'MR-2024-006', 'a0000001-0000-0000-0000-000000000002', 'a3000001-0000-0000-0000-000000000005', 'd0000001-0000-0000-0000-000000000001', 'Patient Monitor #2 display flickering', 'medium', 'completed', '2024-03-25 14:30:00+03', '2024-03-26 12:00:00+03'),
('a2000001-0000-0000-0000-000000000007', 'MR-2024-007', 'a0000001-0000-0000-0000-000000000008', 'a3000001-0000-0000-0000-000000000005', 'd0000001-0000-0000-0000-000000000001', 'Infusion Pump #1 occlusion alarm triggering without blockage', 'medium', 'completed', '2024-04-12 08:00:00+03', '2024-04-13 09:30:00+03'),
('a2000001-0000-0000-0000-000000000008', 'MR-2024-008', 'a0000001-0000-0000-0000-000000000006', 'a3000001-0000-0000-0000-000000000005', 'd0000001-0000-0000-0000-000000000001', 'Ventilator #2 pressure delivery inconsistent', 'critical', 'completed', '2024-05-08 06:30:00+03', '2024-05-10 15:00:00+03'),
('a2000001-0000-0000-0000-000000000009', 'MR-2024-009', 'a0000001-0000-0000-0000-000000000011', 'a3000001-0000-0000-0000-000000000005', 'd0000001-0000-0000-0000-000000000001', 'Syringe Pump #1 plunger mechanism sticking', 'high', 'completed', '2024-06-15 10:45:00+03', '2024-06-16 14:00:00+03'),
('a2000001-0000-0000-0000-000000000010', 'MR-2024-010', 'a0000001-0000-0000-0000-000000000003', 'a3000001-0000-0000-0000-000000000005', 'd0000001-0000-0000-0000-000000000001', 'Patient Monitor #3 NIBP measurement erratic', 'medium', 'completed', '2024-07-02 09:15:00+03', '2024-07-03 11:30:00+03'),
-- OT requests
('a2000001-0000-0000-0000-000000000011', 'MR-2024-011', 'a0000001-0000-0000-0000-000000000016', 'a3000001-0000-0000-0000-000000000006', 'd0000001-0000-0000-0000-000000000002', 'Anesthesia Machine #1 low-pressure leak detected during daily check', 'critical', 'completed', '2024-01-18 06:00:00+03', '2024-01-19 10:00:00+03'),
('a2000001-0000-0000-0000-000000000012', 'MR-2024-012', 'a0000001-0000-0000-0000-000000000020', 'a3000001-0000-0000-0000-000000000006', 'd0000001-0000-0000-0000-000000000002', 'ESU #2 power output dropping during procedure', 'critical', 'completed', '2024-02-14 11:30:00+03', '2024-02-17 09:00:00+03'),
('a2000001-0000-0000-0000-000000000013', 'MR-2024-013', 'a0000001-0000-0000-0000-000000000026', 'a3000001-0000-0000-0000-000000000006', 'd0000001-0000-0000-0000-000000000002', 'OR Suction Unit #2 motor making grinding noise', 'high', 'completed', '2024-03-05 07:15:00+03', '2024-03-08 16:00:00+03'),
('a2000001-0000-0000-0000-000000000014', 'MR-2024-014', 'a0000001-0000-0000-0000-000000000017', 'a3000001-0000-0000-0000-000000000006', 'd0000001-0000-0000-0000-000000000002', 'Anesthesia Machine #2 vaporizer dial stiff', 'medium', 'completed', '2024-04-22 08:00:00+03', '2024-04-23 12:00:00+03'),
('a2000001-0000-0000-0000-000000000015', 'MR-2024-015', 'a0000001-0000-0000-0000-000000000019', 'a3000001-0000-0000-0000-000000000006', 'd0000001-0000-0000-0000-000000000002', 'ESU #1 footswitch not responding intermittently', 'high', 'completed', '2024-05-18 13:00:00+03', '2024-05-19 10:00:00+03'),
('a2000001-0000-0000-0000-000000000016', 'MR-2024-016', 'a0000001-0000-0000-0000-000000000027', 'a3000001-0000-0000-0000-000000000006', 'd0000001-0000-0000-0000-000000000002', 'OR Autoclave door seal leaking steam', 'high', 'completed', '2024-06-10 09:30:00+03', '2024-06-12 14:00:00+03'),
('a2000001-0000-0000-0000-000000000017', 'MR-2024-017', 'a0000001-0000-0000-0000-000000000023', 'a3000001-0000-0000-0000-000000000006', 'd0000001-0000-0000-0000-000000000002', 'OR Monitor #1 ECG leads intermittent', 'medium', 'completed', '2024-07-15 10:00:00+03', '2024-07-15 16:00:00+03'),
-- ED requests
('a2000001-0000-0000-0000-000000000018', 'MR-2024-018', 'a0000001-0000-0000-0000-000000000028', 'a3000001-0000-0000-0000-000000000007', 'd0000001-0000-0000-0000-000000000003', 'Emergency Defibrillator #1 self-test failed', 'critical', 'completed', '2024-02-01 22:00:00+03', '2024-02-02 08:00:00+03'),
('a2000001-0000-0000-0000-000000000019', 'MR-2024-019', 'a0000001-0000-0000-0000-000000000031', 'a3000001-0000-0000-0000-000000000007', 'd0000001-0000-0000-0000-000000000003', 'ED Monitor #2 SpO2 sensor not detecting', 'high', 'completed', '2024-03-15 15:30:00+03', '2024-03-16 09:00:00+03'),
('a2000001-0000-0000-0000-000000000020', 'MR-2024-020', 'a0000001-0000-0000-0000-000000000034', 'a3000001-0000-0000-0000-000000000007', 'd0000001-0000-0000-0000-000000000003', 'ED ECG showing baseline noise on leads', 'medium', 'completed', '2024-04-08 11:00:00+03', '2024-04-09 10:00:00+03'),
-- Radiology requests
('a2000001-0000-0000-0000-000000000021', 'MR-2024-021', 'a0000001-0000-0000-0000-000000000039', 'a3000001-0000-0000-0000-000000000008', 'd0000001-0000-0000-0000-000000000004', 'Fixed X-ray tube exposure failure - no output', 'critical', 'completed', '2024-01-25 09:00:00+03', '2024-02-05 16:00:00+03'),
('a2000001-0000-0000-0000-000000000022', 'MR-2024-022', 'a0000001-0000-0000-0000-000000000042', 'a3000001-0000-0000-0000-000000000008', 'd0000001-0000-0000-0000-000000000004', 'CT scanner calibration drift on HU values', 'high', 'completed', '2024-03-20 08:45:00+03', '2024-03-22 15:00:00+03'),
('a2000001-0000-0000-0000-000000000023', 'MR-2024-023', 'a0000001-0000-0000-0000-000000000040', 'a3000001-0000-0000-0000-000000000008', 'd0000001-0000-0000-0000-000000000004', 'Ultrasound #1 probe image artifacts', 'medium', 'completed', '2024-05-12 10:30:00+03', '2024-05-14 11:00:00+03'),
-- Lab requests
('a2000001-0000-0000-0000-000000000024', 'MR-2024-024', 'a0000001-0000-0000-0000-000000000048', 'a3000001-0000-0000-0000-000000000009', 'd0000001-0000-0000-0000-000000000005', 'Chemistry Analyzer #1 sample probe clogged', 'high', 'completed', '2024-02-10 07:30:00+03', '2024-02-10 14:00:00+03'),
('a2000001-0000-0000-0000-000000000025', 'MR-2024-025', 'a0000001-0000-0000-0000-000000000049', 'a3000001-0000-0000-0000-000000000009', 'd0000001-0000-0000-0000-000000000005', 'Chemistry Analyzer #2 sample probe alignment off', 'high', 'completed', '2024-03-08 08:00:00+03', '2024-03-10 12:00:00+03'),
('a2000001-0000-0000-0000-000000000026', 'MR-2024-026', 'a0000001-0000-0000-0000-000000000054', 'a3000001-0000-0000-0000-000000000009', 'd0000001-0000-0000-0000-000000000005', 'Centrifuge #2 excessive vibration during spin', 'medium', 'completed', '2024-04-15 09:00:00+03', '2024-04-18 10:00:00+03'),
('a2000001-0000-0000-0000-000000000027', 'MR-2024-027', 'a0000001-0000-0000-0000-000000000046', 'a3000001-0000-0000-0000-000000000009', 'd0000001-0000-0000-0000-000000000005', 'Hematology Analyzer #1 sample aspiration error', 'high', 'completed', '2024-05-22 07:00:00+03', '2024-05-23 11:00:00+03'),
-- More ICU requests (recurring issues - 2nd half 2024)
('a2000001-0000-0000-0000-000000000028', 'MR-2024-028', 'a0000001-0000-0000-0000-000000000006', 'a3000001-0000-0000-0000-000000000005', 'd0000001-0000-0000-0000-000000000001', 'Ventilator #2 O2 sensor failed again after replacement', 'critical', 'completed', '2024-08-05 07:00:00+03', '2024-08-07 10:00:00+03'),
('a2000001-0000-0000-0000-000000000029', 'MR-2024-029', 'a0000001-0000-0000-0000-000000000010', 'a3000001-0000-0000-0000-000000000005', 'd0000001-0000-0000-0000-000000000001', 'Infusion Pump #3 pump mechanism completely jammed', 'high', 'completed', '2024-08-20 09:15:00+03', '2024-09-05 14:00:00+03'),
('a2000001-0000-0000-0000-000000000030', 'MR-2024-030', 'a0000001-0000-0000-0000-000000000005', 'a3000001-0000-0000-0000-000000000005', 'd0000001-0000-0000-0000-000000000001', 'Ventilator #1 flow sensor reading low', 'high', 'completed', '2024-09-12 10:00:00+03', '2024-09-13 15:00:00+03'),
-- Ward and OPD requests
('a2000001-0000-0000-0000-000000000031', 'MR-2024-031', 'a0000001-0000-0000-0000-000000000067', 'a3000001-0000-0000-0000-000000000011', 'd0000001-0000-0000-0000-000000000007', 'Ward Infusion Pump #3 occlusion alarm unreliable', 'medium', 'completed', '2024-04-05 14:00:00+03', '2024-04-08 10:00:00+03'),
('a2000001-0000-0000-0000-000000000032', 'MR-2024-032', 'a0000001-0000-0000-0000-000000000070', 'a3000001-0000-0000-0000-000000000011', 'd0000001-0000-0000-0000-000000000007', 'Ward Nebulizer #2 compressor not starting', 'medium', 'completed', '2024-05-10 11:00:00+03', '2024-05-15 09:00:00+03'),
('a2000001-0000-0000-0000-000000000033', 'MR-2024-033', 'a0000001-0000-0000-0000-000000000062', 'a3000001-0000-0000-0000-000000000011', 'd0000001-0000-0000-0000-000000000007', 'Ward Monitor #1 battery not charging', 'low', 'completed', '2024-06-20 08:30:00+03', '2024-06-22 14:00:00+03'),
-- Pharmacy requests
('a2000001-0000-0000-0000-000000000034', 'MR-2024-034', 'a0000001-0000-0000-0000-000000000060', 'a3000001-0000-0000-0000-000000000010', 'd0000001-0000-0000-0000-000000000006', 'Vaccine Cold Room temperature alarm triggered overnight', 'critical', 'completed', '2024-03-01 06:00:00+03', '2024-03-01 12:00:00+03'),
-- 2025 requests (continuing pattern)
('a2000001-0000-0000-0000-000000000035', 'MR-2025-001', 'a0000001-0000-0000-0000-000000000006', 'a3000001-0000-0000-0000-000000000005', 'd0000001-0000-0000-0000-000000000001', 'Ventilator #2 valve sticking - patient desaturation event', 'critical', 'completed', '2025-01-10 03:30:00+03', '2025-01-12 10:00:00+03'),
('a2000001-0000-0000-0000-000000000036', 'MR-2025-002', 'a0000001-0000-0000-0000-000000000001', 'a3000001-0000-0000-0000-000000000005', 'd0000001-0000-0000-0000-000000000001', 'Patient Monitor #1 touchscreen unresponsive', 'medium', 'completed', '2025-01-25 10:00:00+03', '2025-01-26 14:00:00+03'),
('a2000001-0000-0000-0000-000000000037', 'MR-2025-003', 'a0000001-0000-0000-0000-000000000016', 'a3000001-0000-0000-0000-000000000006', 'd0000001-0000-0000-0000-000000000002', 'Anesthesia Machine #1 O2 flush sticking open', 'critical', 'completed', '2025-02-05 07:00:00+03', '2025-02-06 11:00:00+03'),
('a2000001-0000-0000-0000-000000000038', 'MR-2025-004', 'a0000001-0000-0000-0000-000000000039', 'a3000001-0000-0000-0000-000000000008', 'd0000001-0000-0000-0000-000000000004', 'Fixed X-ray collimator misaligned', 'high', 'completed', '2025-02-18 09:00:00+03', '2025-02-22 14:00:00+03'),
('a2000001-0000-0000-0000-000000000039', 'MR-2025-005', 'a0000001-0000-0000-0000-000000000048', 'a3000001-0000-0000-0000-000000000009', 'd0000001-0000-0000-0000-000000000005', 'Chemistry Analyzer #1 reagent line blocked', 'high', 'completed', '2025-03-05 07:30:00+03', '2025-03-06 10:00:00+03'),
('a2000001-0000-0000-0000-000000000040', 'MR-2025-006', 'a0000001-0000-0000-0000-000000000020', 'a3000001-0000-0000-0000-000000000006', 'd0000001-0000-0000-0000-000000000002', 'ESU #2 output erratic - sent to external vendor', 'critical', 'completed', '2025-03-20 11:00:00+03', '2025-04-15 16:00:00+03'),
-- Active/recent requests
('a2000001-0000-0000-0000-000000000041', 'MR-2025-007', 'a0000001-0000-0000-0000-000000000054', 'a3000001-0000-0000-0000-000000000009', 'd0000001-0000-0000-0000-000000000005', 'Centrifuge #2 rotor bearing worn - excessive noise', 'medium', 'in_progress', '2025-04-01 08:00:00+03', NULL),
('a2000001-0000-0000-0000-000000000042', 'MR-2025-008', 'a0000001-0000-0000-0000-000000000026', 'a3000001-0000-0000-0000-000000000006', 'd0000001-0000-0000-0000-000000000002', 'OR Suction Unit #2 motor replacement needed', 'high', 'assigned', '2025-04-03 09:00:00+03', NULL),
('a2000001-0000-0000-0000-000000000043', 'MR-2025-009', 'a0000001-0000-0000-0000-000000000049', 'a3000001-0000-0000-0000-000000000009', 'd0000001-0000-0000-0000-000000000005', 'Chemistry Analyzer #2 persistent probe alignment issue', 'high', 'pending', '2025-04-05 07:30:00+03', NULL);

-- =============================================================================
-- WORK ORDERS (matching requests)
-- =============================================================================
INSERT INTO work_orders (id, work_order_number, request_id, asset_id, assigned_to, status, priority, work_type, root_cause, action_taken, external_vendor, closure_notes, actual_hours, started_at, completed_at, created_at) VALUES
('c5000001-0000-0000-0000-000000000001', 'WO-2024-001', 'a2000001-0000-0000-0000-000000000001', 'a0000001-0000-0000-0000-000000000006', 'a3000001-0000-0000-0000-000000000002', 'completed', 'critical', 'corrective', 'O2 sensor degraded beyond calibration range', 'Replaced O2 sensor module', false, 'Sensor replaced and verified', 6.0, '2024-01-15 10:00:00+03', '2024-01-16 14:00:00+03', '2024-01-15 09:00:00+03'),
('c5000001-0000-0000-0000-000000000002', 'WO-2024-002', 'a2000001-0000-0000-0000-000000000002', 'a0000001-0000-0000-0000-000000000001', 'a3000001-0000-0000-0000-000000000003', 'completed', 'high', 'corrective', 'Connector pin bent', 'Replaced SpO2 cable', false, 'Cable replaced; signal verified', 2.5, '2024-01-22 11:00:00+03', '2024-01-22 16:30:00+03', '2024-01-22 10:30:00+03'),
('c5000001-0000-0000-0000-000000000003', 'WO-2024-003', 'a2000001-0000-0000-0000-000000000003', 'a0000001-0000-0000-0000-000000000010', 'a3000001-0000-0000-0000-000000000002', 'completed', 'high', 'corrective', 'Pump roller mechanism worn', 'Attempted repair; roller mechanism replacement needed', false, 'Temporary fix; needs full roller replacement', 8.0, '2024-02-05 10:00:00+03', '2024-02-08 11:00:00+03', '2024-02-05 09:30:00+03'),
('c5000001-0000-0000-0000-000000000004', 'WO-2024-004', 'a2000001-0000-0000-0000-000000000004', 'a0000001-0000-0000-0000-000000000013', 'a3000001-0000-0000-0000-000000000002', 'completed', 'critical', 'corrective', 'Battery end of life', 'Replaced battery pack', false, 'New battery installed; charge test passed', 3.0, '2024-02-20 08:30:00+03', '2024-02-21 16:00:00+03', '2024-02-20 08:00:00+03'),
('c5000001-0000-0000-0000-000000000005', 'WO-2024-005', 'a2000001-0000-0000-0000-000000000005', 'a0000001-0000-0000-0000-000000000005', 'a3000001-0000-0000-0000-000000000003', 'completed', 'medium', 'corrective', 'Software glitch in alarm module', 'Firmware update applied', false, 'Updated to v3.2.1; alarm tested OK', 2.0, '2024-03-10 13:00:00+03', '2024-03-11 10:00:00+03', '2024-03-10 12:00:00+03'),
('c5000001-0000-0000-0000-000000000006', 'WO-2024-006', 'a2000001-0000-0000-0000-000000000006', 'a0000001-0000-0000-0000-000000000002', 'a3000001-0000-0000-0000-000000000004', 'completed', 'medium', 'corrective', 'Display backlight inverter aging', 'Replaced display module', false, 'Display replaced; image quality verified', 4.0, '2024-03-25 15:00:00+03', '2024-03-26 12:00:00+03', '2024-03-25 14:45:00+03'),
('c5000001-0000-0000-0000-000000000007', 'WO-2024-007', 'a2000001-0000-0000-0000-000000000011', 'a0000001-0000-0000-0000-000000000016', 'a3000001-0000-0000-0000-000000000002', 'completed', 'critical', 'corrective', 'Breathing circuit check valve worn', 'Replaced check valves and O-rings in breathing system', false, 'Full leak test passed post-repair', 8.0, '2024-01-18 07:00:00+03', '2024-01-19 10:00:00+03', '2024-01-18 06:30:00+03'),
('c5000001-0000-0000-0000-000000000008', 'WO-2024-008', 'a2000001-0000-0000-0000-000000000012', 'a0000001-0000-0000-0000-000000000020', 'a3000001-0000-0000-0000-000000000002', 'completed', 'critical', 'corrective', 'Output stage transistor degraded', 'Replaced output PCB', true, 'Sent to AMED for board-level repair', 48.0, '2024-02-14 13:00:00+03', '2024-02-17 09:00:00+03', '2024-02-14 12:00:00+03'),
('c5000001-0000-0000-0000-000000000009', 'WO-2024-009', 'a2000001-0000-0000-0000-000000000013', 'a0000001-0000-0000-0000-000000000026', 'a3000001-0000-0000-0000-000000000003', 'completed', 'high', 'corrective', 'Motor bearings worn', 'Replaced motor assembly', false, 'New motor installed; suction pressure verified', 24.0, '2024-03-05 08:00:00+03', '2024-03-08 16:00:00+03', '2024-03-05 07:30:00+03'),
('c5000001-0000-0000-0000-000000000010', 'WO-2024-010', 'a2000001-0000-0000-0000-000000000018', 'a0000001-0000-0000-0000-000000000028', 'a3000001-0000-0000-0000-000000000002', 'completed', 'critical', 'corrective', 'Internal relay failure', 'Replaced main relay board', false, 'Self-test passed; energy output verified', 8.0, '2024-02-01 23:00:00+03', '2024-02-02 08:00:00+03', '2024-02-01 22:30:00+03'),
('c5000001-0000-0000-0000-000000000011', 'WO-2024-011', 'a2000001-0000-0000-0000-000000000021', 'a0000001-0000-0000-0000-000000000039', 'a3000001-0000-0000-0000-000000000002', 'completed', 'critical', 'corrective', 'X-ray tube anode cracking', 'External vendor tube replacement', true, 'GE service engineer replaced tube; QA passed', 72.0, '2024-01-25 10:00:00+03', '2024-02-05 16:00:00+03', '2024-01-25 09:30:00+03'),
('c5000001-0000-0000-0000-000000000012', 'WO-2024-012', 'a2000001-0000-0000-0000-000000000024', 'a0000001-0000-0000-0000-000000000048', 'a3000001-0000-0000-0000-000000000004', 'completed', 'high', 'corrective', 'Sample probe clogged with dried reagent', 'Cleaned and recalibrated probe', false, 'Probe cleaned; QC samples within range', 3.0, '2024-02-10 08:00:00+03', '2024-02-10 14:00:00+03', '2024-02-10 07:45:00+03'),
('c5000001-0000-0000-0000-000000000013', 'WO-2024-013', 'a2000001-0000-0000-0000-000000000034', 'a0000001-0000-0000-0000-000000000060', 'a3000001-0000-0000-0000-000000000002', 'completed', 'critical', 'corrective', 'Compressor relay stuck', 'Replaced compressor relay; verified temperature recovery', false, 'Cold chain restored within 2 hours; no vaccine loss', 4.0, '2024-03-01 06:30:00+03', '2024-03-01 12:00:00+03', '2024-03-01 06:15:00+03'),
-- 2025 work orders
('c5000001-0000-0000-0000-000000000014', 'WO-2025-001', 'a2000001-0000-0000-0000-000000000035', 'a0000001-0000-0000-0000-000000000006', 'a3000001-0000-0000-0000-000000000002', 'completed', 'critical', 'corrective', 'Exhalation valve membrane deteriorated', 'Replaced valve assembly', false, 'Full function test passed', 12.0, '2025-01-10 04:00:00+03', '2025-01-12 10:00:00+03', '2025-01-10 03:45:00+03'),
('c5000001-0000-0000-0000-000000000015', 'WO-2025-002', 'a2000001-0000-0000-0000-000000000040', 'a0000001-0000-0000-0000-000000000020', 'a3000001-0000-0000-0000-000000000002', 'completed', 'critical', 'corrective', 'Generator output stage failure', 'Sent to external vendor for repair', true, 'AMED repaired; verified output at all settings', 72.0, '2025-03-20 12:00:00+03', '2025-04-15 16:00:00+03', '2025-03-20 11:30:00+03'),
-- Active work orders
('c5000001-0000-0000-0000-000000000016', 'WO-2025-003', 'a2000001-0000-0000-0000-000000000041', 'a0000001-0000-0000-0000-000000000054', 'a3000001-0000-0000-0000-000000000003', 'in_progress', 'medium', 'corrective', NULL, NULL, false, NULL, NULL, '2025-04-02 09:00:00+03', NULL, '2025-04-01 08:30:00+03'),
('c5000001-0000-0000-0000-000000000017', 'WO-2025-004', 'a2000001-0000-0000-0000-000000000042', 'a0000001-0000-0000-0000-000000000026', 'a3000001-0000-0000-0000-000000000004', 'assigned', 'high', 'corrective', NULL, NULL, false, NULL, NULL, NULL, NULL, '2025-04-03 09:30:00+03');

-- =============================================================================
-- MAINTENANCE EVENTS (~60 detailed event records for the above work orders + additional)
-- =============================================================================
INSERT INTO maintenance_events (id, work_order_id, asset_id, event_type, failure_date, downtime_start, downtime_end, repair_duration_hours, action_taken, failure_code_id, action_code_id, service_cost, completed_by, completion_date, notes) VALUES
('a1000001-0000-0000-0000-000000000001', 'c5000001-0000-0000-0000-000000000001', 'a0000001-0000-0000-0000-000000000006', 'corrective', '2024-01-15', '2024-01-15 08:30:00+03', '2024-01-16 14:00:00+03', 6.0, 'Replaced O2 sensor module', 'fc000001-0000-0000-0000-000000000002', 'ac000001-0000-0000-0000-000000000015', 850.00, 'a3000001-0000-0000-0000-000000000002', '2024-01-16', NULL),
('a1000001-0000-0000-0000-000000000002', 'c5000001-0000-0000-0000-000000000002', 'a0000001-0000-0000-0000-000000000001', 'corrective', '2024-01-22', '2024-01-22 10:15:00+03', '2024-01-22 16:30:00+03', 2.5, 'Replaced SpO2 cable assembly', 'fc000001-0000-0000-0000-000000000013', 'ac000001-0000-0000-0000-000000000012', 350.00, 'a3000001-0000-0000-0000-000000000003', '2024-01-22', NULL),
('a1000001-0000-0000-0000-000000000003', 'c5000001-0000-0000-0000-000000000003', 'a0000001-0000-0000-0000-000000000010', 'corrective', '2024-02-05', '2024-02-05 09:00:00+03', '2024-02-08 11:00:00+03', 8.0, 'Temporary roller mechanism fix', 'fc000001-0000-0000-0000-000000000009', 'ac000001-0000-0000-0000-000000000005', 200.00, 'a3000001-0000-0000-0000-000000000002', '2024-02-08', 'Needs full replacement of roller assembly'),
('a1000001-0000-0000-0000-000000000004', 'c5000001-0000-0000-0000-000000000004', 'a0000001-0000-0000-0000-000000000013', 'corrective', '2024-02-20', '2024-02-20 07:45:00+03', '2024-02-21 16:00:00+03', 3.0, 'Replaced battery pack', 'fc000001-0000-0000-0000-000000000007', 'ac000001-0000-0000-0000-000000000011', 1200.00, 'a3000001-0000-0000-0000-000000000002', '2024-02-21', NULL),
('a1000001-0000-0000-0000-000000000005', 'c5000001-0000-0000-0000-000000000005', 'a0000001-0000-0000-0000-000000000005', 'corrective', '2024-03-10', '2024-03-10 11:20:00+03', '2024-03-11 10:00:00+03', 2.0, 'Applied firmware update v3.2.1', 'fc000001-0000-0000-0000-000000000008', 'ac000001-0000-0000-0000-000000000003', 0.00, 'a3000001-0000-0000-0000-000000000003', '2024-03-11', NULL),
('a1000001-0000-0000-0000-000000000006', 'c5000001-0000-0000-0000-000000000006', 'a0000001-0000-0000-0000-000000000002', 'corrective', '2024-03-25', '2024-03-25 14:30:00+03', '2024-03-26 12:00:00+03', 4.0, 'Replaced display module', 'fc000001-0000-0000-0000-000000000006', 'ac000001-0000-0000-0000-000000000016', 2200.00, 'a3000001-0000-0000-0000-000000000004', '2024-03-26', NULL),
('a1000001-0000-0000-0000-000000000007', 'c5000001-0000-0000-0000-000000000007', 'a0000001-0000-0000-0000-000000000016', 'corrective', '2024-01-18', '2024-01-18 06:00:00+03', '2024-01-19 10:00:00+03', 8.0, 'Replaced check valves and O-rings', 'fc000001-0000-0000-0000-000000000016', 'ac000001-0000-0000-0000-000000000001', 450.00, 'a3000001-0000-0000-0000-000000000002', '2024-01-19', NULL),
('a1000001-0000-0000-0000-000000000008', 'c5000001-0000-0000-0000-000000000008', 'a0000001-0000-0000-0000-000000000020', 'corrective', '2024-02-14', '2024-02-14 11:30:00+03', '2024-02-17 09:00:00+03', 48.0, 'External vendor PCB replacement', 'fc000001-0000-0000-0000-000000000001', 'ac000001-0000-0000-0000-000000000017', 3500.00, 'a3000001-0000-0000-0000-000000000002', '2024-02-17', 'Sent to AMED Trading'),
('a1000001-0000-0000-0000-000000000009', 'c5000001-0000-0000-0000-000000000009', 'a0000001-0000-0000-0000-000000000026', 'corrective', '2024-03-05', '2024-03-05 07:15:00+03', '2024-03-08 16:00:00+03', 24.0, 'Replaced motor assembly', 'fc000001-0000-0000-0000-000000000015', 'ac000001-0000-0000-0000-000000000001', 1800.00, 'a3000001-0000-0000-0000-000000000003', '2024-03-08', NULL),
('a1000001-0000-0000-0000-000000000010', 'c5000001-0000-0000-0000-000000000010', 'a0000001-0000-0000-0000-000000000028', 'corrective', '2024-02-01', '2024-02-01 22:00:00+03', '2024-02-02 08:00:00+03', 8.0, 'Replaced main relay board', 'fc000001-0000-0000-0000-000000000001', 'ac000001-0000-0000-0000-000000000001', 950.00, 'a3000001-0000-0000-0000-000000000002', '2024-02-02', 'Emergency overnight repair'),
('a1000001-0000-0000-0000-000000000011', 'c5000001-0000-0000-0000-000000000011', 'a0000001-0000-0000-0000-000000000039', 'corrective', '2024-01-25', '2024-01-25 09:00:00+03', '2024-02-05 16:00:00+03', 72.0, 'X-ray tube replacement by GE service', 'fc000001-0000-0000-0000-000000000004', 'ac000001-0000-0000-0000-000000000017', 25000.00, 'a3000001-0000-0000-0000-000000000002', '2024-02-05', 'GE Healthcare service engineer on-site'),
('a1000001-0000-0000-0000-000000000012', 'c5000001-0000-0000-0000-000000000012', 'a0000001-0000-0000-0000-000000000048', 'corrective', '2024-02-10', '2024-02-10 07:30:00+03', '2024-02-10 14:00:00+03', 3.0, 'Cleaned and recalibrated probe', 'fc000001-0000-0000-0000-000000000014', 'ac000001-0000-0000-0000-000000000004', 50.00, 'a3000001-0000-0000-0000-000000000004', '2024-02-10', NULL),
('a1000001-0000-0000-0000-000000000013', 'c5000001-0000-0000-0000-000000000013', 'a0000001-0000-0000-0000-000000000060', 'corrective', '2024-03-01', '2024-03-01 01:00:00+03', '2024-03-01 12:00:00+03', 4.0, 'Replaced compressor relay', 'fc000001-0000-0000-0000-000000000001', 'ac000001-0000-0000-0000-000000000001', 300.00, 'a3000001-0000-0000-0000-000000000002', '2024-03-01', 'Emergency cold chain response'),
('a1000001-0000-0000-0000-000000000014', 'c5000001-0000-0000-0000-000000000014', 'a0000001-0000-0000-0000-000000000006', 'corrective', '2025-01-10', '2025-01-10 03:30:00+03', '2025-01-12 10:00:00+03', 12.0, 'Replaced exhalation valve assembly', 'fc000001-0000-0000-0000-000000000016', 'ac000001-0000-0000-0000-000000000001', 1500.00, 'a3000001-0000-0000-0000-000000000002', '2025-01-12', 'Recurring issue on this unit'),
('a1000001-0000-0000-0000-000000000015', 'c5000001-0000-0000-0000-000000000015', 'a0000001-0000-0000-0000-000000000020', 'corrective', '2025-03-20', '2025-03-20 11:00:00+03', '2025-04-15 16:00:00+03', 72.0, 'External vendor generator repair', 'fc000001-0000-0000-0000-000000000001', 'ac000001-0000-0000-0000-000000000017', 4200.00, 'a3000001-0000-0000-0000-000000000002', '2025-04-15', 'AMED Trading board-level repair');

-- Additional maintenance events without linked work orders (historical data)
INSERT INTO maintenance_events (id, asset_id, event_type, failure_date, repair_duration_hours, action_taken, failure_code_id, action_code_id, completed_by, completion_date, notes) VALUES
('a1000001-0000-0000-0000-000000000016', 'a0000001-0000-0000-0000-000000000005', 'corrective', '2024-06-20', 1.5, 'Replaced NIBP hose', 'fc000001-0000-0000-0000-000000000017', 'ac000001-0000-0000-0000-000000000014', 'a3000001-0000-0000-0000-000000000003', '2024-06-20', NULL),
('a1000001-0000-0000-0000-000000000017', 'a0000001-0000-0000-0000-000000000005', 'corrective', '2024-11-15', 3.0, 'Replaced flow sensor', 'fc000001-0000-0000-0000-000000000002', 'ac000001-0000-0000-0000-000000000015', 'a3000001-0000-0000-0000-000000000003', '2024-11-15', NULL),
('a1000001-0000-0000-0000-000000000018', 'a0000001-0000-0000-0000-000000000006', 'corrective', '2024-05-08', 18.0, 'Adjusted pressure delivery system', 'fc000001-0000-0000-0000-000000000012', 'ac000001-0000-0000-0000-000000000005', 'a3000001-0000-0000-0000-000000000002', '2024-05-10', NULL),
('a1000001-0000-0000-0000-000000000019', 'a0000001-0000-0000-0000-000000000006', 'corrective', '2024-08-05', 16.0, 'Replaced O2 sensor again', 'fc000001-0000-0000-0000-000000000002', 'ac000001-0000-0000-0000-000000000015', 'a3000001-0000-0000-0000-000000000002', '2024-08-07', 'Recurring O2 sensor issue'),
('a1000001-0000-0000-0000-000000000020', 'a0000001-0000-0000-0000-000000000007', 'corrective', '2024-04-22', 2.0, 'Software update applied', 'fc000001-0000-0000-0000-000000000005', 'ac000001-0000-0000-0000-000000000003', 'a3000001-0000-0000-0000-000000000003', '2024-04-22', NULL),
('a1000001-0000-0000-0000-000000000021', 'a0000001-0000-0000-0000-000000000008', 'corrective', '2024-04-12', 1.5, 'Cleaned occlusion sensor', 'fc000001-0000-0000-0000-000000000002', 'ac000001-0000-0000-0000-000000000004', 'a3000001-0000-0000-0000-000000000004', '2024-04-13', NULL),
('a1000001-0000-0000-0000-000000000022', 'a0000001-0000-0000-0000-000000000009', 'corrective', '2024-07-18', 1.0, 'Replaced fuse', 'fc000001-0000-0000-0000-000000000019', 'ac000001-0000-0000-0000-000000000013', 'a3000001-0000-0000-0000-000000000003', '2024-07-18', NULL),
('a1000001-0000-0000-0000-000000000023', 'a0000001-0000-0000-0000-000000000010', 'corrective', '2024-08-20', 36.0, 'Pump mechanism repair attempted; needs parts', 'fc000001-0000-0000-0000-000000000009', 'ac000001-0000-0000-0000-000000000001', 'a3000001-0000-0000-0000-000000000002', '2024-09-05', 'Spare part on order'),
('a1000001-0000-0000-0000-000000000024', 'a0000001-0000-0000-0000-000000000011', 'corrective', '2024-06-15', 3.0, 'Replaced plunger seal', 'fc000001-0000-0000-0000-000000000004', 'ac000001-0000-0000-0000-000000000001', 'a3000001-0000-0000-0000-000000000004', '2024-06-16', NULL),
('a1000001-0000-0000-0000-000000000025', 'a0000001-0000-0000-0000-000000000014', 'corrective', '2024-09-05', 1.0, 'Replaced ECG lead cable', 'fc000001-0000-0000-0000-000000000013', 'ac000001-0000-0000-0000-000000000012', 'a3000001-0000-0000-0000-000000000003', '2024-09-05', NULL),
('a1000001-0000-0000-0000-000000000026', 'a0000001-0000-0000-0000-000000000017', 'corrective', '2024-04-22', 2.0, 'Lubricated vaporizer dial', 'fc000001-0000-0000-0000-000000000004', 'ac000001-0000-0000-0000-000000000006', 'a3000001-0000-0000-0000-000000000002', '2024-04-23', NULL),
('a1000001-0000-0000-0000-000000000027', 'a0000001-0000-0000-0000-000000000019', 'corrective', '2024-05-18', 1.5, 'Replaced footswitch cable', 'fc000001-0000-0000-0000-000000000013', 'ac000001-0000-0000-0000-000000000012', 'a3000001-0000-0000-0000-000000000004', '2024-05-19', NULL),
('a1000001-0000-0000-0000-000000000028', 'a0000001-0000-0000-0000-000000000027', 'corrective', '2024-06-10', 6.0, 'Replaced door gasket', 'fc000001-0000-0000-0000-000000000010', 'ac000001-0000-0000-0000-000000000001', 'a3000001-0000-0000-0000-000000000002', '2024-06-12', NULL),
('a1000001-0000-0000-0000-000000000029', 'a0000001-0000-0000-0000-000000000023', 'corrective', '2024-07-15', 1.5, 'Replaced ECG lead set', 'fc000001-0000-0000-0000-000000000013', 'ac000001-0000-0000-0000-000000000012', 'a3000001-0000-0000-0000-000000000003', '2024-07-15', NULL),
('a1000001-0000-0000-0000-000000000030', 'a0000001-0000-0000-0000-000000000031', 'corrective', '2024-03-15', 2.0, 'Replaced SpO2 sensor', 'fc000001-0000-0000-0000-000000000002', 'ac000001-0000-0000-0000-000000000015', 'a3000001-0000-0000-0000-000000000003', '2024-03-16', NULL),
('a1000001-0000-0000-0000-000000000031', 'a0000001-0000-0000-0000-000000000034', 'corrective', '2024-04-08', 1.0, 'Replaced ECG cable', 'fc000001-0000-0000-0000-000000000013', 'ac000001-0000-0000-0000-000000000012', 'a3000001-0000-0000-0000-000000000004', '2024-04-09', NULL),
('a1000001-0000-0000-0000-000000000032', 'a0000001-0000-0000-0000-000000000042', 'corrective', '2024-03-20', 8.0, 'Vendor recalibration', 'fc000001-0000-0000-0000-000000000003', 'ac000001-0000-0000-0000-000000000002', 'a3000001-0000-0000-0000-000000000002', '2024-03-22', 'Siemens service engineer'),
('a1000001-0000-0000-0000-000000000033', 'a0000001-0000-0000-0000-000000000040', 'corrective', '2024-05-12', 4.0, 'Probe connector repair', 'fc000001-0000-0000-0000-000000000013', 'ac000001-0000-0000-0000-000000000009', 'a3000001-0000-0000-0000-000000000004', '2024-05-14', NULL),
('a1000001-0000-0000-0000-000000000034', 'a0000001-0000-0000-0000-000000000049', 'corrective', '2024-03-08', 12.0, 'Adjusted probe alignment mechanism', 'fc000001-0000-0000-0000-000000000004', 'ac000001-0000-0000-0000-000000000005', 'a3000001-0000-0000-0000-000000000004', '2024-03-10', NULL),
('a1000001-0000-0000-0000-000000000035', 'a0000001-0000-0000-0000-000000000054', 'corrective', '2024-04-15', 8.0, 'Rebalanced rotor; replaced bearing', 'fc000001-0000-0000-0000-000000000021', 'ac000001-0000-0000-0000-000000000001', 'a3000001-0000-0000-0000-000000000003', '2024-04-18', NULL),
('a1000001-0000-0000-0000-000000000036', 'a0000001-0000-0000-0000-000000000046', 'corrective', '2024-05-22', 4.0, 'Cleaned aspiration probe; replaced tubing', 'fc000001-0000-0000-0000-000000000014', 'ac000001-0000-0000-0000-000000000014', 'a3000001-0000-0000-0000-000000000004', '2024-05-23', NULL),
('a1000001-0000-0000-0000-000000000037', 'a0000001-0000-0000-0000-000000000067', 'corrective', '2024-04-05', 3.0, 'Cleaned and tested occlusion sensor', 'fc000001-0000-0000-0000-000000000002', 'ac000001-0000-0000-0000-000000000004', 'a3000001-0000-0000-0000-000000000003', '2024-04-08', NULL),
('a1000001-0000-0000-0000-000000000038', 'a0000001-0000-0000-0000-000000000070', 'corrective', '2024-05-10', 6.0, 'Compressor motor failed beyond repair', 'fc000001-0000-0000-0000-000000000022', 'ac000001-0000-0000-0000-000000000019', 'a3000001-0000-0000-0000-000000000003', '2024-05-15', 'Unit decommissioned; compressor not replaceable'),
('a1000001-0000-0000-0000-000000000039', 'a0000001-0000-0000-0000-000000000062', 'corrective', '2024-06-20', 2.0, 'Replaced battery', 'fc000001-0000-0000-0000-000000000007', 'ac000001-0000-0000-0000-000000000011', 'a3000001-0000-0000-0000-000000000004', '2024-06-22', NULL),
-- 2025 additional events
('a1000001-0000-0000-0000-000000000040', 'a0000001-0000-0000-0000-000000000001', 'corrective', '2025-01-25', 4.0, 'Reset and recalibrated touchscreen', 'fc000001-0000-0000-0000-000000000005', 'ac000001-0000-0000-0000-000000000008', 'a3000001-0000-0000-0000-000000000003', '2025-01-26', NULL),
('a1000001-0000-0000-0000-000000000041', 'a0000001-0000-0000-0000-000000000016', 'corrective', '2025-02-05', 6.0, 'Replaced O2 flush valve assembly', 'fc000001-0000-0000-0000-000000000016', 'ac000001-0000-0000-0000-000000000001', 'a3000001-0000-0000-0000-000000000002', '2025-02-06', NULL),
('a1000001-0000-0000-0000-000000000042', 'a0000001-0000-0000-0000-000000000039', 'corrective', '2025-02-18', 16.0, 'Collimator realignment', 'fc000001-0000-0000-0000-000000000004', 'ac000001-0000-0000-0000-000000000005', 'a3000001-0000-0000-0000-000000000002', '2025-02-22', NULL),
('a1000001-0000-0000-0000-000000000043', 'a0000001-0000-0000-0000-000000000048', 'corrective', '2025-03-05', 2.0, 'Cleaned reagent line; replaced tubing', 'fc000001-0000-0000-0000-000000000014', 'ac000001-0000-0000-0000-000000000014', 'a3000001-0000-0000-0000-000000000004', '2025-03-06', NULL),
('a1000001-0000-0000-0000-000000000044', 'a0000001-0000-0000-0000-000000000003', 'corrective', '2024-07-02', 2.0, 'NIBP cuff replaced; recalibrated', 'fc000001-0000-0000-0000-000000000003', 'ac000001-0000-0000-0000-000000000002', 'a3000001-0000-0000-0000-000000000004', '2024-07-03', NULL),
('a1000001-0000-0000-0000-000000000045', 'a0000001-0000-0000-0000-000000000043', 'corrective', '2024-10-15', 24.0, 'Image intensifier recalibration', 'fc000001-0000-0000-0000-000000000003', 'ac000001-0000-0000-0000-000000000002', 'a3000001-0000-0000-0000-000000000002', '2024-10-18', 'GE service contract work'),
('a1000001-0000-0000-0000-000000000046', 'a0000001-0000-0000-0000-000000000055', 'corrective', '2024-08-12', 4.0, 'Temperature sensor recalibrated', 'fc000001-0000-0000-0000-000000000011', 'ac000001-0000-0000-0000-000000000002', 'a3000001-0000-0000-0000-000000000004', '2024-08-13', NULL),
('a1000001-0000-0000-0000-000000000047', 'a0000001-0000-0000-0000-000000000057', 'corrective', '2024-09-20', 3.0, 'Replaced chamber drain gasket', 'fc000001-0000-0000-0000-000000000010', 'ac000001-0000-0000-0000-000000000001', 'a3000001-0000-0000-0000-000000000003', '2024-09-21', NULL),
('a1000001-0000-0000-0000-000000000048', 'a0000001-0000-0000-0000-000000000046', 'corrective', '2024-11-08', 2.0, 'Replaced reagent tubing set', 'fc000001-0000-0000-0000-000000000017', 'ac000001-0000-0000-0000-000000000014', 'a3000001-0000-0000-0000-000000000004', '2024-11-08', NULL),
('a1000001-0000-0000-0000-000000000049', 'a0000001-0000-0000-0000-000000000047', 'corrective', '2025-01-20', 3.0, 'Cleaned optics and recalibrated', 'fc000001-0000-0000-0000-000000000003', 'ac000001-0000-0000-0000-000000000004', 'a3000001-0000-0000-0000-000000000004', '2025-01-21', NULL),
('a1000001-0000-0000-0000-000000000050', 'a0000001-0000-0000-0000-000000000018', 'corrective', '2025-03-10', 1.5, 'Replaced gas sampling line', 'fc000001-0000-0000-0000-000000000017', 'ac000001-0000-0000-0000-000000000014', 'a3000001-0000-0000-0000-000000000003', '2025-03-10', NULL);

-- =============================================================================
-- DOWNTIME LOGS (for events with significant downtime)
-- =============================================================================
INSERT INTO downtime_logs (asset_id, event_id, start_time, end_time, duration_hours, reason) VALUES
('a0000001-0000-0000-0000-000000000006', 'a1000001-0000-0000-0000-000000000001', '2024-01-15 08:30:00+03', '2024-01-16 14:00:00+03', 29.5, 'O2 sensor replacement'),
('a0000001-0000-0000-0000-000000000010', 'a1000001-0000-0000-0000-000000000003', '2024-02-05 09:00:00+03', '2024-02-08 11:00:00+03', 74.0, 'Pump mechanism repair'),
('a0000001-0000-0000-0000-000000000020', 'a1000001-0000-0000-0000-000000000008', '2024-02-14 11:30:00+03', '2024-02-17 09:00:00+03', 69.5, 'External vendor PCB repair'),
('a0000001-0000-0000-0000-000000000026', 'a1000001-0000-0000-0000-000000000009', '2024-03-05 07:15:00+03', '2024-03-08 16:00:00+03', 80.75, 'Motor replacement'),
('a0000001-0000-0000-0000-000000000039', 'a1000001-0000-0000-0000-000000000011', '2024-01-25 09:00:00+03', '2024-02-05 16:00:00+03', 271.0, 'X-ray tube replacement - external service'),
('a0000001-0000-0000-0000-000000000060', 'a1000001-0000-0000-0000-000000000013', '2024-03-01 01:00:00+03', '2024-03-01 12:00:00+03', 11.0, 'Cold room compressor relay failure'),
('a0000001-0000-0000-0000-000000000006', 'a1000001-0000-0000-0000-000000000018', '2024-05-08 06:30:00+03', '2024-05-10 15:00:00+03', 56.5, 'Pressure delivery adjustment'),
('a0000001-0000-0000-0000-000000000006', 'a1000001-0000-0000-0000-000000000019', '2024-08-05 07:00:00+03', '2024-08-07 10:00:00+03', 51.0, 'O2 sensor replacement (recurring)'),
('a0000001-0000-0000-0000-000000000010', 'a1000001-0000-0000-0000-000000000023', '2024-08-20 09:15:00+03', '2024-09-05 14:00:00+03', 388.75, 'Pump mechanism - awaiting parts'),
('a0000001-0000-0000-0000-000000000006', 'a1000001-0000-0000-0000-000000000014', '2025-01-10 03:30:00+03', '2025-01-12 10:00:00+03', 54.5, 'Valve assembly replacement'),
('a0000001-0000-0000-0000-000000000020', 'a1000001-0000-0000-0000-000000000015', '2025-03-20 11:00:00+03', '2025-04-15 16:00:00+03', 629.0, 'External vendor generator repair'),
('a0000001-0000-0000-0000-000000000039', 'a1000001-0000-0000-0000-000000000042', '2025-02-18 09:00:00+03', '2025-02-22 14:00:00+03', 101.0, 'Collimator realignment'),
('a0000001-0000-0000-0000-000000000043', 'a1000001-0000-0000-0000-000000000045', '2024-10-15 08:00:00+03', '2024-10-18 16:00:00+03', 80.0, 'Image intensifier recalibration'),
('a0000001-0000-0000-0000-000000000054', 'a1000001-0000-0000-0000-000000000035', '2024-04-15 09:00:00+03', '2024-04-18 10:00:00+03', 73.0, 'Rotor bearing replacement');
