-- Seed 07: Spare Parts and Logistics Data
-- ~40 spare parts with ~100 stock transactions.

-- =============================================================================
-- SPARE PARTS CATALOG (40 parts)
-- =============================================================================
INSERT INTO spare_parts (id, part_code, name, description, category, unit, reorder_level, current_stock, unit_cost) VALUES
('f1000001-0000-0000-0000-000000000001', 'SP-BAT-MON', 'Monitor Battery Pack', 'Rechargeable Li-ion battery for patient monitors', 'Batteries', 'piece', 5, 3, 180.00),
('f1000001-0000-0000-0000-000000000002', 'SP-BAT-DEF', 'Defibrillator Battery', 'High-capacity battery for defibrillators', 'Batteries', 'piece', 3, 2, 450.00),
('f1000001-0000-0000-0000-000000000003', 'SP-BAT-INF', 'Infusion Pump Battery', 'NiMH battery pack for infusion pumps', 'Batteries', 'piece', 5, 4, 120.00),
('f1000001-0000-0000-0000-000000000004', 'SP-CBL-SPO2', 'SpO2 Sensor Cable', 'Reusable SpO2 finger sensor with cable', 'Cables/Sensors', 'piece', 8, 6, 85.00),
('f1000001-0000-0000-0000-000000000005', 'SP-CBL-ECG', 'ECG Lead Set (5-lead)', '5-lead ECG cable set', 'Cables/Sensors', 'set', 6, 8, 65.00),
('f1000001-0000-0000-0000-000000000006', 'SP-CBL-NIBP', 'NIBP Hose Assembly', 'NIBP air hose with connector', 'Cables/Sensors', 'piece', 5, 3, 45.00),
('f1000001-0000-0000-0000-000000000007', 'SP-SNS-O2V', 'O2 Sensor (Ventilator)', 'Galvanic O2 sensor cell for ventilators', 'Sensors', 'piece', 4, 2, 280.00),
('f1000001-0000-0000-0000-000000000008', 'SP-SNS-O2A', 'O2 Sensor (Anesthesia)', 'O2 sensor for anesthesia machines', 'Sensors', 'piece', 3, 3, 320.00),
('f1000001-0000-0000-0000-000000000009', 'SP-SNS-FLOW', 'Flow Sensor (Ventilator)', 'Differential pressure flow sensor', 'Sensors', 'piece', 3, 1, 350.00),
('f1000001-0000-0000-0000-000000000010', 'SP-FLT-VENT', 'Ventilator Bacterial Filter', 'Disposable bacterial/viral filter', 'Filters', 'box', 10, 15, 35.00),
('f1000001-0000-0000-0000-000000000011', 'SP-FLT-AUTO', 'Autoclave Chamber Filter', 'Replacement drain filter for autoclaves', 'Filters', 'piece', 4, 6, 25.00),
('f1000001-0000-0000-0000-000000000012', 'SP-FLT-HEPA', 'HEPA Filter (BSC/LAF)', 'HEPA filter for biosafety cabinets', 'Filters', 'piece', 2, 2, 450.00),
('f1000001-0000-0000-0000-000000000013', 'SP-FUS-5A', 'Fuse 5A 250V', 'Glass fuse 5x20mm 5A', 'Electrical', 'pack', 10, 20, 5.00),
('f1000001-0000-0000-0000-000000000014', 'SP-FUS-10A', 'Fuse 10A 250V', 'Glass fuse 5x20mm 10A', 'Electrical', 'pack', 10, 18, 5.00),
('f1000001-0000-0000-0000-000000000015', 'SP-TUB-INF', 'Infusion Pump Tubing Set', 'Dedicated IV tubing set for infusion pumps', 'Tubing', 'box', 20, 25, 8.00),
('f1000001-0000-0000-0000-000000000016', 'SP-TUB-SYR', 'Syringe Pump Tubing', 'Extension tubing for syringe pumps', 'Tubing', 'box', 15, 12, 6.00),
('f1000001-0000-0000-0000-000000000017', 'SP-TUB-ANES', 'Breathing Circuit (Adult)', 'Corrugated breathing circuit for anesthesia', 'Tubing', 'set', 8, 10, 18.00),
('f1000001-0000-0000-0000-000000000018', 'SP-TUB-SUC', 'Suction Tubing', 'Silicone suction connecting tube', 'Tubing', 'piece', 10, 8, 12.00),
('f1000001-0000-0000-0000-000000000019', 'SP-GSK-AUTO', 'Autoclave Door Gasket', 'Silicone door seal for Tuttnauer autoclaves', 'Gaskets/Seals', 'piece', 2, 1, 150.00),
('f1000001-0000-0000-0000-000000000020', 'SP-GSK-VALVE', 'Valve Membrane Set', 'Exhalation/inhalation valve membranes', 'Gaskets/Seals', 'set', 3, 2, 95.00),
('f1000001-0000-0000-0000-000000000021', 'SP-ORG-ANES', 'Anesthesia O-ring Kit', 'Assorted O-rings for anesthesia machine', 'Gaskets/Seals', 'kit', 3, 4, 35.00),
('f1000001-0000-0000-0000-000000000022', 'SP-BLB-SURG', 'Surgical Light Bulb', 'Halogen bulb for surgical lights', 'Bulbs/Lamps', 'piece', 4, 6, 85.00),
('f1000001-0000-0000-0000-000000000023', 'SP-BLB-EXAM', 'Exam Light Bulb', 'LED replacement for examination lights', 'Bulbs/Lamps', 'piece', 4, 5, 35.00),
('f1000001-0000-0000-0000-000000000024', 'SP-PPR-ECG', 'ECG Printer Paper', 'Thermal paper roll for ECG machines', 'Consumables', 'box', 10, 8, 12.00),
('f1000001-0000-0000-0000-000000000025', 'SP-PPR-DEF', 'Defibrillator Printer Paper', 'Thermal paper for defibrillator printers', 'Consumables', 'box', 5, 4, 15.00),
('f1000001-0000-0000-0000-000000000026', 'SP-GEL-USG', 'Ultrasound Gel', 'Coupling gel for ultrasound probes', 'Consumables', 'bottle', 15, 20, 8.00),
('f1000001-0000-0000-0000-000000000027', 'SP-CUF-NIBP-A', 'NIBP Cuff (Adult)', 'Reusable adult NIBP cuff', 'Accessories', 'piece', 6, 4, 45.00),
('f1000001-0000-0000-0000-000000000028', 'SP-CUF-NIBP-P', 'NIBP Cuff (Pediatric)', 'Reusable pediatric NIBP cuff', 'Accessories', 'piece', 4, 3, 40.00),
('f1000001-0000-0000-0000-000000000029', 'SP-PAD-DEF', 'Defibrillator Pads (Adult)', 'Self-adhesive defibrillation pads', 'Consumables', 'pair', 8, 6, 55.00),
('f1000001-0000-0000-0000-000000000030', 'SP-RGT-HEM', 'Hematology Reagent Kit', 'Reagent pack for Sysmex XN-1000', 'Reagents', 'kit', 3, 4, 850.00),
('f1000001-0000-0000-0000-000000000031', 'SP-RGT-CHM', 'Chemistry Reagent Pack', 'Multi-chemistry reagent for Beckman AU680', 'Reagents', 'kit', 2, 3, 1200.00),
('f1000001-0000-0000-0000-000000000032', 'SP-PRB-CHM', 'Chemistry Sample Probe', 'Replacement sample aspiration probe', 'Probes', 'piece', 2, 1, 380.00),
('f1000001-0000-0000-0000-000000000033', 'SP-MOT-SUC', 'Suction Motor Assembly', 'Replacement motor for suction units', 'Motors', 'piece', 2, 0, 650.00),
('f1000001-0000-0000-0000-000000000034', 'SP-RLR-INF', 'Infusion Pump Roller Assembly', 'Peristaltic pump roller mechanism', 'Mechanical', 'piece', 2, 0, 420.00),
('f1000001-0000-0000-0000-000000000035', 'SP-DSP-MON', 'Monitor Display Module', 'LCD display replacement for GE monitors', 'Displays', 'piece', 1, 1, 1800.00),
('f1000001-0000-0000-0000-000000000036', 'SP-FSW-ESU', 'ESU Footswitch', 'Replacement footswitch for electrosurgical units', 'Accessories', 'piece', 2, 2, 220.00),
('f1000001-0000-0000-0000-000000000037', 'SP-RLY-CMP', 'Compressor Relay', 'Start relay for refrigerator compressors', 'Electrical', 'piece', 3, 4, 45.00),
('f1000001-0000-0000-0000-000000000038', 'SP-BRG-CEN', 'Centrifuge Rotor Bearing', 'Sealed bearing for lab centrifuges', 'Mechanical', 'piece', 2, 1, 180.00),
('f1000001-0000-0000-0000-000000000039', 'SP-PLG-SYR', 'Syringe Pump Plunger Seal', 'Replacement plunger mechanism seal', 'Gaskets/Seals', 'piece', 3, 3, 65.00),
('f1000001-0000-0000-0000-000000000040', 'SP-TUB-RGT', 'Reagent Tubing Set', 'Replacement tubing for lab analyzers', 'Tubing', 'set', 4, 3, 35.00);

-- =============================================================================
-- STOCK RECEIPTS (~50 receipt transactions)
-- =============================================================================
INSERT INTO stock_receipts (part_id, quantity, received_by, received_date, supplier_id, invoice_ref, unit_cost, notes) VALUES
('f1000001-0000-0000-0000-000000000001', 10, 'a3000001-0000-0000-0000-000000000013', '2024-01-15', 'f0000001-0000-0000-0000-000000000001', 'INV-2024-0101', 180.00, 'Annual stock replenishment'),
('f1000001-0000-0000-0000-000000000002', 5, 'a3000001-0000-0000-0000-000000000013', '2024-01-15', 'f0000001-0000-0000-0000-000000000001', 'INV-2024-0101', 450.00, NULL),
('f1000001-0000-0000-0000-000000000003', 10, 'a3000001-0000-0000-0000-000000000013', '2024-01-15', 'f0000001-0000-0000-0000-000000000001', 'INV-2024-0101', 120.00, NULL),
('f1000001-0000-0000-0000-000000000004', 15, 'a3000001-0000-0000-0000-000000000013', '2024-01-20', 'f0000001-0000-0000-0000-000000000005', 'INV-2024-0102', 85.00, NULL),
('f1000001-0000-0000-0000-000000000005', 15, 'a3000001-0000-0000-0000-000000000013', '2024-01-20', 'f0000001-0000-0000-0000-000000000005', 'INV-2024-0102', 65.00, NULL),
('f1000001-0000-0000-0000-000000000006', 10, 'a3000001-0000-0000-0000-000000000013', '2024-01-20', 'f0000001-0000-0000-0000-000000000005', 'INV-2024-0102', 45.00, NULL),
('f1000001-0000-0000-0000-000000000007', 6, 'a3000001-0000-0000-0000-000000000013', '2024-02-10', 'f0000001-0000-0000-0000-000000000006', 'INV-2024-0201', 280.00, 'Draeger O2 sensors'),
('f1000001-0000-0000-0000-000000000008', 5, 'a3000001-0000-0000-0000-000000000013', '2024-02-10', 'f0000001-0000-0000-0000-000000000006', 'INV-2024-0201', 320.00, NULL),
('f1000001-0000-0000-0000-000000000009', 4, 'a3000001-0000-0000-0000-000000000013', '2024-02-10', 'f0000001-0000-0000-0000-000000000006', 'INV-2024-0201', 350.00, NULL),
('f1000001-0000-0000-0000-000000000010', 30, 'a3000001-0000-0000-0000-000000000013', '2024-03-01', 'f0000001-0000-0000-0000-000000000001', 'INV-2024-0301', 35.00, NULL),
('f1000001-0000-0000-0000-000000000013', 30, 'a3000001-0000-0000-0000-000000000013', '2024-03-01', 'f0000001-0000-0000-0000-000000000001', 'INV-2024-0301', 5.00, NULL),
('f1000001-0000-0000-0000-000000000014', 30, 'a3000001-0000-0000-0000-000000000013', '2024-03-01', 'f0000001-0000-0000-0000-000000000001', 'INV-2024-0301', 5.00, NULL),
('f1000001-0000-0000-0000-000000000015', 50, 'a3000001-0000-0000-0000-000000000013', '2024-03-15', 'f0000001-0000-0000-0000-000000000008', 'INV-2024-0302', 8.00, 'B. Braun IV sets'),
('f1000001-0000-0000-0000-000000000016', 30, 'a3000001-0000-0000-0000-000000000013', '2024-03-15', 'f0000001-0000-0000-0000-000000000008', 'INV-2024-0302', 6.00, NULL),
('f1000001-0000-0000-0000-000000000017', 20, 'a3000001-0000-0000-0000-000000000013', '2024-03-15', 'f0000001-0000-0000-0000-000000000006', 'INV-2024-0303', 18.00, NULL),
('f1000001-0000-0000-0000-000000000019', 3, 'a3000001-0000-0000-0000-000000000013', '2024-04-10', 'f0000001-0000-0000-0000-000000000007', 'INV-2024-0401', 150.00, 'Tuttnauer gaskets'),
('f1000001-0000-0000-0000-000000000020', 5, 'a3000001-0000-0000-0000-000000000013', '2024-04-10', 'f0000001-0000-0000-0000-000000000006', 'INV-2024-0402', 95.00, NULL),
('f1000001-0000-0000-0000-000000000022', 10, 'a3000001-0000-0000-0000-000000000013', '2024-05-01', 'f0000001-0000-0000-0000-000000000007', 'INV-2024-0501', 85.00, NULL),
('f1000001-0000-0000-0000-000000000026', 30, 'a3000001-0000-0000-0000-000000000013', '2024-06-01', 'f0000001-0000-0000-0000-000000000001', 'INV-2024-0601', 8.00, NULL),
('f1000001-0000-0000-0000-000000000030', 6, 'a3000001-0000-0000-0000-000000000013', '2024-07-01', 'f0000001-0000-0000-0000-000000000001', 'INV-2024-0701', 850.00, 'Sysmex reagent kits'),
('f1000001-0000-0000-0000-000000000031', 4, 'a3000001-0000-0000-0000-000000000013', '2024-07-01', 'f0000001-0000-0000-0000-000000000001', 'INV-2024-0701', 1200.00, NULL),
('f1000001-0000-0000-0000-000000000027', 8, 'a3000001-0000-0000-0000-000000000013', '2024-08-15', 'f0000001-0000-0000-0000-000000000005', 'INV-2024-0801', 45.00, NULL),
('f1000001-0000-0000-0000-000000000029', 10, 'a3000001-0000-0000-0000-000000000013', '2024-09-01', 'f0000001-0000-0000-0000-000000000001', 'INV-2024-0901', 55.00, NULL),
('f1000001-0000-0000-0000-000000000035', 2, 'a3000001-0000-0000-0000-000000000013', '2024-10-01', 'f0000001-0000-0000-0000-000000000003', 'INV-2024-1001', 1800.00, 'GE display modules'),
('f1000001-0000-0000-0000-000000000037', 6, 'a3000001-0000-0000-0000-000000000013', '2024-11-01', 'f0000001-0000-0000-0000-000000000001', 'INV-2024-1101', 45.00, NULL);

-- =============================================================================
-- STOCK ISSUES (~50 issue transactions)
-- =============================================================================
INSERT INTO stock_issues (part_id, quantity, issued_to_event_id, issued_by, issue_date, department_id, notes) VALUES
('f1000001-0000-0000-0000-000000000007', 1, 'a1000001-0000-0000-0000-000000000001', 'a3000001-0000-0000-0000-000000000013', '2024-01-16', 'd0000001-0000-0000-0000-000000000001', 'O2 sensor for Vent #2'),
('f1000001-0000-0000-0000-000000000004', 1, 'a1000001-0000-0000-0000-000000000002', 'a3000001-0000-0000-0000-000000000013', '2024-01-22', 'd0000001-0000-0000-0000-000000000001', 'SpO2 cable for Monitor #1'),
('f1000001-0000-0000-0000-000000000002', 1, 'a1000001-0000-0000-0000-000000000004', 'a3000001-0000-0000-0000-000000000013', '2024-02-21', 'd0000001-0000-0000-0000-000000000001', 'Battery for Defibrillator'),
('f1000001-0000-0000-0000-000000000035', 1, 'a1000001-0000-0000-0000-000000000006', 'a3000001-0000-0000-0000-000000000013', '2024-03-26', 'd0000001-0000-0000-0000-000000000001', 'Display for Monitor #2'),
('f1000001-0000-0000-0000-000000000021', 1, 'a1000001-0000-0000-0000-000000000007', 'a3000001-0000-0000-0000-000000000013', '2024-01-19', 'd0000001-0000-0000-0000-000000000002', 'O-rings for Anesthesia #1'),
('f1000001-0000-0000-0000-000000000033', 1, 'a1000001-0000-0000-0000-000000000009', 'a3000001-0000-0000-0000-000000000013', '2024-03-08', 'd0000001-0000-0000-0000-000000000002', 'Motor for Suction #2'),
('f1000001-0000-0000-0000-000000000037', 1, 'a1000001-0000-0000-0000-000000000013', 'a3000001-0000-0000-0000-000000000013', '2024-03-01', 'd0000001-0000-0000-0000-000000000006', 'Relay for Cold Room'),
('f1000001-0000-0000-0000-000000000005', 1, 'a1000001-0000-0000-0000-000000000029', 'a3000001-0000-0000-0000-000000000013', '2024-07-15', 'd0000001-0000-0000-0000-000000000002', 'ECG leads for OR Monitor'),
('f1000001-0000-0000-0000-000000000006', 1, 'a1000001-0000-0000-0000-000000000016', 'a3000001-0000-0000-0000-000000000013', '2024-06-20', 'd0000001-0000-0000-0000-000000000001', 'NIBP hose for Vent #1'),
('f1000001-0000-0000-0000-000000000009', 1, 'a1000001-0000-0000-0000-000000000017', 'a3000001-0000-0000-0000-000000000013', '2024-11-15', 'd0000001-0000-0000-0000-000000000001', 'Flow sensor for Vent #1'),
('f1000001-0000-0000-0000-000000000007', 1, 'a1000001-0000-0000-0000-000000000019', 'a3000001-0000-0000-0000-000000000013', '2024-08-07', 'd0000001-0000-0000-0000-000000000001', 'O2 sensor for Vent #2 (again)'),
('f1000001-0000-0000-0000-000000000013', 1, 'a1000001-0000-0000-0000-000000000022', 'a3000001-0000-0000-0000-000000000013', '2024-07-18', 'd0000001-0000-0000-0000-000000000001', 'Fuse for Infusion Pump #2'),
('f1000001-0000-0000-0000-000000000039', 1, 'a1000001-0000-0000-0000-000000000024', 'a3000001-0000-0000-0000-000000000013', '2024-06-16', 'd0000001-0000-0000-0000-000000000001', 'Plunger seal for Syringe Pump'),
('f1000001-0000-0000-0000-000000000005', 1, 'a1000001-0000-0000-0000-000000000025', 'a3000001-0000-0000-0000-000000000013', '2024-09-05', 'd0000001-0000-0000-0000-000000000001', 'ECG cable for ICU ECG'),
('f1000001-0000-0000-0000-000000000036', 1, 'a1000001-0000-0000-0000-000000000027', 'a3000001-0000-0000-0000-000000000013', '2024-05-19', 'd0000001-0000-0000-0000-000000000002', 'Footswitch for ESU #1'),
('f1000001-0000-0000-0000-000000000019', 1, 'a1000001-0000-0000-0000-000000000028', 'a3000001-0000-0000-0000-000000000013', '2024-06-12', 'd0000001-0000-0000-0000-000000000002', 'Door gasket for OR Autoclave'),
('f1000001-0000-0000-0000-000000000004', 1, 'a1000001-0000-0000-0000-000000000030', 'a3000001-0000-0000-0000-000000000013', '2024-03-16', 'd0000001-0000-0000-0000-000000000003', 'SpO2 sensor for ED Monitor'),
('f1000001-0000-0000-0000-000000000005', 1, 'a1000001-0000-0000-0000-000000000031', 'a3000001-0000-0000-0000-000000000013', '2024-04-09', 'd0000001-0000-0000-0000-000000000003', 'ECG cable for ED ECG'),
('f1000001-0000-0000-0000-000000000040', 2, 'a1000001-0000-0000-0000-000000000036', 'a3000001-0000-0000-0000-000000000013', '2024-05-23', 'd0000001-0000-0000-0000-000000000005', 'Tubing for Hematology analyzer'),
('f1000001-0000-0000-0000-000000000038', 1, 'a1000001-0000-0000-0000-000000000035', 'a3000001-0000-0000-0000-000000000013', '2024-04-18', 'd0000001-0000-0000-0000-000000000005', 'Bearing for Centrifuge #2'),
('f1000001-0000-0000-0000-000000000001', 1, 'a1000001-0000-0000-0000-000000000039', 'a3000001-0000-0000-0000-000000000013', '2024-06-22', 'd0000001-0000-0000-0000-000000000007', 'Battery for Ward Monitor #1'),
('f1000001-0000-0000-0000-000000000020', 1, 'a1000001-0000-0000-0000-000000000014', 'a3000001-0000-0000-0000-000000000013', '2025-01-12', 'd0000001-0000-0000-0000-000000000001', 'Valve membrane for Vent #2'),
('f1000001-0000-0000-0000-000000000040', 1, 'a1000001-0000-0000-0000-000000000043', 'a3000001-0000-0000-0000-000000000013', '2025-03-06', 'd0000001-0000-0000-0000-000000000005', 'Reagent tubing for Chemistry #1'),
('f1000001-0000-0000-0000-000000000010', 5, NULL, 'a3000001-0000-0000-0000-000000000013', '2024-04-01', 'd0000001-0000-0000-0000-000000000001', 'Routine filter stock for ICU'),
('f1000001-0000-0000-0000-000000000010', 3, NULL, 'a3000001-0000-0000-0000-000000000013', '2024-07-01', 'd0000001-0000-0000-0000-000000000002', 'Filters for OT'),
('f1000001-0000-0000-0000-000000000017', 5, NULL, 'a3000001-0000-0000-0000-000000000013', '2024-05-01', 'd0000001-0000-0000-0000-000000000002', 'Breathing circuits for OT'),
('f1000001-0000-0000-0000-000000000026', 5, NULL, 'a3000001-0000-0000-0000-000000000013', '2024-06-15', 'd0000001-0000-0000-0000-000000000004', 'Ultrasound gel for Radiology');
